{
  "k": 6,
  "silhouette": 0.24786411225795746,
  "feature_names": [
    "t15_walls",
    "t15_supports",
    "t15_turrets",
    "t15_front",
    "t15_center",
    "t15_lflank",
    "t15_rflank",
    "t30_walls",
    "t30_supports",
    "t30_turrets",
    "t30_front",
    "t30_center",
    "t30_lflank",
    "t30_rflank",
    "t50_walls",
    "t50_supports",
    "t50_turrets",
    "t50_total",
    "opp_total_units_spawned",
    "opp_scout_frac",
    "opp_demo_frac",
    "opp_interc_frac",
    "opp_first_attack_turn",
    "opp_top_spawn_share",
    "opp_unique_spawn_tiles",
    "opp_corner_spawn_frac",
    "opp_mp_max",
    "opp_mp_mean",
    "opp_mp_spoiled"
  ],
  "centroids_real": [
    [
      35.54273223876953,
      -8.940696716308594e-08,
      8.208291053771973,
      2.949005126953125,
      1.325445532798767,
      11.687740325927734,
      11.92325496673584,
      36.76361846923828,
      0.4689497947692871,
      11.415727615356445,
      6.6830854415893555,
      1.325445294380188,
      13.609541893005371,
      14.059693336486816,
      34.3314208984375,
      1.2436201572418213,
      10.804722785949707,
      46.379764556884766,
      142.05978393554688,
      0.8271094560623169,
      0.043985672295093536,
      0.12890486419200897,
      17.448400497436523,
      0.6451081037521362,
      3.1287569999694824,
      0.0,
      21.036170959472656,
      10.55200481414795,
      81.99453735351562
    ],
    [
      24.5,
      1.0,
      11.0,
      13.5,
      5.5,
      11.0,
      11.5,
      22.5,
      3.0,
      14.5,
      14.25,
      5.5,
      12.25,
      12.0,
      25.0,
      2.75,
      16.5,
      44.25,
      137.0,
      0.7639116644859314,
      0.050130754709243774,
      0.18595759570598602,
      7.0,
      0.3947819471359253,
      9.75,
      0.0058139534667134285,
      17.350000381469727,
      8.058497428894043,
      49.57500076293945
    ],
    [
      25.614883422851562,
      0.02850097417831421,
      12.509428977966309,
      6.993957042694092,
      3.744776725769043,
      12.539263725280762,
      12.756048202514648,
      26.164615631103516,
      0.5887389183044434,
      16.540897369384766,
      9.11925983428955,
      3.802635908126831,
      14.243410110473633,
      14.436038970947266,
      25.770706176757812,
      0.8855244517326355,
      18.728227615356445,
      45.384456634521484,
      321.810791015625,
      0.5804799199104309,
      0.24640804529190063,
      0.17311200499534607,
      12.117438316345215,
      0.7197189927101135,
      2.629727840423584,
      1.4551915228366852e-11,
      21.597042083740234,
      11.162281036376953,
      77.5252914428711
    ],
    [
      28.0,
      0.0,
      8.0,
      12.0,
      6.0,
      14.0,
      14.0,
      28.66666603088379,
      4.0,
      8.0,
      12.0,
      6.0,
      14.666666984558105,
      14.0,
      29.33333396911621,
      4.0,
      8.0,
      41.33333206176758,
      225.3333282470703,
      0.8005929589271545,
      0.06560590118169785,
      0.13380113244056702,
      9.333333015441895,
      0.5914218425750732,
      9.0,
      0.0,
      53.0,
      20.5041561126709,
      371.5666809082031
    ],
    [
      19.0,
      8.0,
      9.0,
      6.0,
      4.0,
      9.0,
      11.0,
      22.0,
      8.0,
      12.0,
      6.0,
      4.0,
      11.0,
      11.0,
      22.0,
      8.0,
      12.0,
      42.0,
      105.0,
      1.0,
      0.0,
      0.0,
      -1.0,
      0.5142857432365417,
      2.0,
      0.0,
      6.0,
      3.499999523162842,
      0.0
    ],
    [
      22.657142639160156,
      0.6452381014823914,
      11.226190567016602,
      6.702381134033203,
      2.3809523582458496,
      10.145237922668457,
      10.871428489685059,
      25.647619247436523,
      2.357142925262451,
      15.583333015441895,
      8.800000190734863,
      2.797619104385376,
      12.89285659790039,
      12.980952262878418,
      27.7690486907959,
      2.964285373687744,
      18.230953216552734,
      48.96428680419922,
      333.5333251953125,
      0.49054253101348877,
      0.25274789333343506,
      0.25670957565307617,
      5.847619533538818,
      0.6158835291862488,
      5.028571128845215,
      0.00015698588686063886,
      25.64452362060547,
      11.015935897827148,
      81.03047943115234
    ]
  ],
  "opp_assignments": {
    "(legacy@~1400)": 1,
    "(legacy@~1600)": 5,
    "(legacy@~1800)": 0,
    "(legacy@~2000)": 0,
    "chaewon-online": 5,
    "defensive-order-algo": 2,
    "diego_v2": 5,
    "funnel-rush-v10": 0,
    "funnel-rush-v43": 0,
    "funnel-rush-v67b": 0,
    "funnel-rush-v7-1": 0,
    "funnel-rush-v75c": 0,
    "funnel-rush-v78": 0,
    "funnel-rush-v8": 0,
    "funnel-rush-v9": 0,
    "funnel-rush-v91": 0,
    "jack": 2,
    "oleh-v2": 2,
    "please-work-man-im-tired": 2,
    "python-algo": 2,
    "python-algo-babayaga": 2,
    "python-algo-babayaga2": 2,
    "python-algo-babayaga3": 0,
    "python-algo-baseline": 2,
    "python-algo-classic": 2,
    "python-algo-claude": 5,
    "python-algo-jae-3": 2,
    "python-algo-jae-4": 2,
    "python-algo-master": 5,
    "python-algo-tuned": 3,
    "python-algo-turtle-v4": 5,
    "python-algo-v11": 0,
    "python-algo-v2": 4,
    "python-algo-v3-1": 2,
    "python-algo-v3-detectors": 5,
    "python-algo-v4": 5,
    "python-algo-v5": 5,
    "python-algo-v8": 2,
    "python-algo_2": 2,
    "python-algo_3": 2,
    "python-algo_4": 2,
    "repentance": 0,
    "streeter": 5,
    "switch2": 0,
    "terminator": 2
  },
  "opp_match_counts": {
    "jack": 2,
    "oleh-v2": 20,
    "python-algo-claude": 2,
    "terminator": 4,
    "python-algo": 61,
    "chaewon-online": 2,
    "defensive-order-algo": 10,
    "python-algo-turtle-v4": 3,
    "python-algo-v11": 2,
    "(legacy@~1400)": 4,
    "(legacy@~1600)": 7,
    "(legacy@~1800)": 13,
    "(legacy@~2000)": 23,
    "funnel-rush-v10": 2,
    "funnel-rush-v67b": 2,
    "funnel-rush-v7-1": 3,
    "funnel-rush-v75c": 2,
    "funnel-rush-v78": 2,
    "funnel-rush-v8": 9,
    "funnel-rush-v91": 2,
    "funnel-rush-v9": 8,
    "python-algo-jae-3": 9,
    "python-algo-v5": 3,
    "repentance": 2,
    "streeter": 2,
    "switch2": 7,
    "funnel-rush-v43": 2,
    "python-algo-babayaga2": 3,
    "python-algo-babayaga3": 5,
    "python-algo-classic": 3,
    "python-algo-tuned": 3,
    "python-algo-v4": 2,
    "python-algo-v8": 2,
    "diego_v2": 2,
    "please-work-man-im-tired": 3,
    "python-algo-baseline": 2,
    "python-algo-v3-detectors": 3,
    "python-algo-babayaga": 2,
    "python-algo-jae-4": 2,
    "python-algo-master": 2,
    "python-algo-v3-1": 3,
    "python-algo_2": 4,
    "python-algo-v2": 2,
    "python-algo_3": 3,
    "python-algo_4": 3
  }
}